{"accuracy": [0.07894736528396606, 0.21052631735801697, 0.2368421107530594, 0.2631579041481018, 0.18421052396297455, 0.2631579041481018, 0.2631579041481018, 0.28947368264198303, 0.28947368264198303, 0.21052631735801697, 0.3947368562221527, 0.31578946113586426, 0.21052631735801697, 0.31578946113586426], "val_accuracy": [0.10000000149011612, 0.10000000149011612, 0.10000000149011612, 0.10000000149011612, 0.10000000149011612, 0.10000000149011612, 0.20000000298023224, 0.10000000149011612, 0.10000000149011612, 0.20000000298023224, 0.10000000149011612, 0.10000000149011612, 0.10000000149011612, 0.10000000149011612], "loss": [1.792522668838501, 1.7916154861450195, 1.7898125648498535, 1.7885750532150269, 1.7879873514175415, 1.7886152267456055, 1.7843399047851562, 1.7805185317993164, 1.7867637872695923, 1.7847462892532349, 1.7742156982421875, 1.7751212120056152, 1.775549054145813, 1.7767701148986816], "val_loss": [1.7914535999298096, 1.7917999029159546, 1.7915160655975342, 1.7914817333221436, 1.7913061380386353, 1.79070246219635, 1.7900272607803345, 1.7889125347137451, 1.788610816001892, 1.7894630432128906, 1.790057897567749, 1.790300726890564, 1.790718674659729, 1.7918555736541748]}